term,coef,pos_count,neg_count,pos_ratio,importance
2019,1.3815435572376682,340915.0,224881.0,0.602540491625957,18.299913021855563
exploration,1.4485559400602825,86459.0,54098.0,0.6151169987976408,17.1702774815417
management,1.1577408347184306,1125054.0,1000484.0,0.5293031693622979,16.867746741430512
additional,1.1362345313523896,1065667.0,921363.0,0.5363114799474593,16.47784602087505
fas,1.4404908365892763,27950.0,19326.0,0.5912090701412979,15.505125302207272
lease,1.1140339806879,527496.0,455323.0,0.536717340629353,15.371642805850197
federal,1.093691897040836,622025.0,559069.0,0.5266515620263925,15.291948189330524
oak,1.6230241584409097,7740.0,3902.0,0.6648342209242398,15.195499444166904
asu,1.128228775594786,206966.0,180421.0,0.5342616040290459,14.517125053845833
park,1.3226962504754158,26286.0,17794.0,0.5963248638838475,14.144628171608655
home,1.093440491578968,122940.0,119152.0,0.5078234720684698,13.55546621924098
alliance,1.2782916656525054,22724.0,15027.0,0.6019443193557786,13.471652195444026
apple,1.4234926390700349,7161.0,4437.0,0.6174340403517848,13.322003787441844
plans,0.9843940503942945,345770.0,323820.0,0.5163906271001658,13.205077557910638
demand,1.0049676060829917,262180.0,242512.0,0.5194851513398271,13.196938743238215
gps,1.4154851762562617,5072.0,2873.0,0.6383889238514789,12.711656958435073
joway,1.5340424112980915,3733.0,0.0,1.0,12.617859830079162
channel,1.1227725639459072,36117.0,28523.0,0.5587407178217821,12.436507256323475
iii,1.0198354735658903,74543.0,63195.0,0.5411941512146249,12.067831326039165
novartis,1.1780626005002666,8572.0,5921.0,0.5914579452149313,11.287595084580758
pfizer,1.141447779153171,10439.0,6634.0,0.6114332571897148,11.12376487375505
assays,1.2234008921392043,5911.0,2575.0,0.6965590384162149,11.067240308637633
gaap,0.9288183629631441,60809.0,57487.0,0.5140410495705687,10.849484284555222
cooperative,1.0578694758074498,11212.0,8306.0,0.5744441028793934,10.450844492391834
sars,1.0561284781590576,9548.0,8677.0,0.5238957475994513,10.361258721254986
princeton,1.219447730939847,3583.0,1250.0,0.7413614732050486,10.345098929070708
cargo,1.0538495946709585,9869.0,8301.0,0.5431480462300495,10.335716521586868
adams,1.1473430523483192,4581.0,3171.0,0.5909442724458205,10.275415230696531
gse,1.182972541966688,3535.0,2189.0,0.6175751222921034,10.23578564770434
towers,1.0723844380110805,8287.0,5446.0,0.6034369766256462,10.21728191704809
pa,1.101921034623658,6034.0,4051.0,0.5983143282102132,10.15850379591317
sensors,1.074910249470252,7601.0,4869.0,0.6095429029671211,10.137651868298459
minority,0.9233350840773318,31488.0,25609.0,0.5514825647582184,10.11285000888893
eca,1.242955697175144,2997.0,303.0,0.9081818181818182,10.07040310906017
trailer,1.0746766041523548,5381.0,3173.0,0.6290624269347673,9.730413411595654
firstbank,1.217973625401642,2269.0,598.0,0.7914196023718172,9.696738927752914
subscribers,0.9727869199921213,11685.0,9525.0,0.5509193776520509,9.691171002103866
pv,1.0749517349614839,4844.0,2640.0,0.6472474612506681,9.589274963298001
1991,0.9407951529130142,14520.0,11666.0,0.5544947681967464,9.570726385600961
mills,0.984353247741232,7566.0,6286.0,0.5462027144094715,9.387045642421848
rcm,1.173434619008155,2058.0,830.0,0.7126038781163435,9.350708200229949
lottery,1.0204808438064887,6294.0,3113.0,0.6690762198362922,9.336701375314773
brown,0.9664305720361269,8630.0,7007.0,0.5518961437615911,9.333263750150039
invesco,1.010089022147325,6378.0,3594.0,0.6395908543922985,9.300532771198528
stevia,1.137907153520626,2976.0,546.0,0.8449744463373083,9.293365303425162
valero,1.0838497201431974,3524.0,1288.0,0.7323358270989194,9.190044008017113
love,1.1436650887246422,1786.0,1196.0,0.5989268947015426,9.150103873939955
noble,1.1279850951659025,2108.0,1204.0,0.6364734299516909,9.143006593030883
incyte,1.1215850551300008,2307.0,1000.0,0.6976111279104928,9.089436386663786
santander,1.0423848749627072,3748.0,1539.0,0.7089086438433895,8.936569195808595
csg,1.056575690308817,3565.0,1052.0,0.7721464154212693,8.915086653249283
utg,1.1045423489609092,2128.0,543.0,0.7967053538000749,8.715482567499455
biogen,0.9534334997509103,5044.0,4116.0,0.5506550218340611,8.697897915562764
anderson,0.9292066687278705,6216.0,4422.0,0.5843203609701072,8.615866058275293
assay,0.930607420060876,6364.0,3465.0,0.6474717672194527,8.555254748809919
vf,1.009571088834813,3602.0,969.0,0.7880113760665063,8.50836834795285
vulcan,1.088667442299463,1554.0,897.0,0.6340269277845777,8.496678474944792
nano,1.0679562599990287,1852.0,658.0,0.7378486055776893,8.360427615766348
hydrogen,0.9395883868725663,4385.0,2814.0,0.6091123767189888,8.34527024628504
mdc,0.9513850052803298,3121.0,1740.0,0.6420489611191113,8.076502491097571
hanover,0.9680298171045832,2542.0,1265.0,0.6677173627528238,7.981269733076978
zhang,0.9622442886914269,2854.0,865.0,0.767410594245765,7.91107116160466
viad,0.9287462462819854,3633.0,1324.0,0.7329029655033287,7.902476786095625
graphite,0.9563834702176612,2758.0,1029.0,0.7282809611829945,7.880210981011868
roadway,0.9702795841951877,2320.0,845.0,0.7330173775671406,7.820671024535025
cypress,0.9493693997820998,2273.0,777.0,0.7452459016393442,7.617004003246391
bak,0.9274755704240504,2728.0,808.0,0.7714932126696833,7.578434595587771
gencaro,0.9520553370250678,2182.0,480.0,0.8196844477836214,7.509059028354091
adtalem,0.9776199995900222,2055.0,23.0,0.9889316650625601,7.468667090323668
twitter,0.9974035846056345,1198.0,424.0,0.7385943279901356,7.372838782957061
boy,0.9375580612183665,379.0,281.0,0.5742424242424242,6.08827126012067
31 1996,2.0954654295954778,,,,
31 1993,1.7095389484624002,,,,
1993 1992,1.6068375836139674,,,,
31 2019,1.5311106660584002,,,,
31 1998,1.3089361662095877,,,,
february 27,1.2500468558703817,,,,
2010 2009,1.2460659692671128,,,,
february 2014,1.2091435929573324,,,,
million 2006,1.1898081751641718,,,,
2019 compared,1.1326316118003488,,,,
2004 2003,1.1288174401965638,,,,
2019 2018,1.1024925158166392,,,,
investment securities,1.0952060574115634,,,,
2018 2017,1.0695753670596313,,,,
development stage,1.0686690979807705,,,,
net loss,1.0480118431264516,,,,
31 2010,1.0235588580941501,,,,
partner companies,1.0211743957758492,,,,
bulletin board,1.0134385151765102,,,,
million 2019,0.9944980500535872,,,,
fiscal 2013,0.9911067371511219,,,,
29 2017,0.9865477890484101,,,,
business opportunity,0.9566619917514206,,,,
amended credit,0.9545501582318815,,,,
30 2009,0.944079422448291,,,,
march 2020,0.9376816425682912,,,,
10 dated,0.933335352007816,,,,
holdings corp,0.9206810376536037,,,,
continue going,0.918670297320849,,,,
